{
  "/home/jinx/projects/pandemonium:sse_45015": 1766268634.0578997,
  "/home/jinx/projects/pandemonium:sse_17981": 1766276166.6229022,
  "/home/jinx/projects/pandemonium:sse_48699": 1766344711.075051,
  "/home/jinx/.claude:sse_48699": 1766346481.318686,
  "/home/jinx:sse_48699": 1766345877.1830614
}