{".py": 1765551717.3137133, ".md": 1765550466.951991, ".tsx": 1765552041.1780984, ".ts": 1765552191.1599686, ".json": 1765522381.698181, ".css": 1765549818.6588585}