{".py": 1765396053.2432516, ".json": 1765394504.612202, ".md": 1765396105.6110325, ".ts": 1765394601.5298183, ".tsx": 1765395689.1721904}