{"huggingface.co": 1765739823.8358078, "github.com": 1765902050.899437, "docs.crawl4ai.com": 1765924577.2486174}