{".py": 1766102881.335544, ".md": 1766036198.060993, ".tsx": 1766062102.4256525, ".ts": 1766062282.4382246, ".json": 1766102283.825135, ".css": 1766033310.9804204, ".html": 1765912679.9087138, ".js": 1766013235.0061517, ".yml": 1765862434.4229002, ".yaml": 1766013546.8736587}